annotator,kind,source_url,source,extracted_by,line_start,line_end,rule_text,tag,user_comment,llm_rationale,created_at
Wenyu,context,https://github.com/adamglang/sovereign-core/blob/68a0396bd26d88301d59c9fec20bfe7494ea75e8/.clinerules,revise,anthropic/claude-opus-4-8,3,3,**Applies to:** All Roo agents and tasks in this repository.,,,"It states the scope of these rules, background context.",2026-06-15 15:06:35.800200
Wenyu,context,https://github.com/adamglang/sovereign-core/blob/68a0396bd26d88301d59c9fec20bfe7494ea75e8/.clinerules,revise,anthropic/claude-opus-4-8,6,6,"Provide always-on, repository-wide guidance to ensure consistency, minimal-comment practices, and coherent architecture.",,,"It describes the purpose of the document, background context.",2026-06-15 15:06:35.800200
Wenyu,rule,https://github.com/adamglang/sovereign-core/blob/68a0396bd26d88301d59c9fec20bfe7494ea75e8/.clinerules,hand,Wenyu,10,10,No silent downgrades / no janky workarounds (highest priority),PROHIBITION,Prohibition or preference?,,2026-06-09 13:46:18.557911
Wenyu,rule,https://github.com/adamglang/sovereign-core/blob/68a0396bd26d88301d59c9fec20bfe7494ea75e8/.clinerules,revise,anthropic/claude-opus-4-8,10,10,No silent downgrades / no janky workarounds (highest priority),PROHIBITION,,"It forbids silent downgrades and janky workarounds, so it's a prohibition.",2026-06-15 15:06:35.800200
Wenyu,rule,https://github.com/adamglang/sovereign-core/blob/68a0396bd26d88301d59c9fec20bfe7494ea75e8/.clinerules,hand,Wenyu,11,11,"**NEVER ""fix"" errors by disabling, downgrading, or bypassing core features** (e.g., turning off GPU/CUDA, reducing quality, changing defaults, switching to CPU).",PROHIBITION,"Need to know concrete definition of ""core feature""",,2026-06-09 13:47:50.997145
Wenyu,rule,https://github.com/adamglang/sovereign-core/blob/68a0396bd26d88301d59c9fec20bfe7494ea75e8/.clinerules,revise,anthropic/claude-opus-4-8,11,11,"**NEVER ""fix"" errors by disabling, downgrading, or bypassing core features** (e.g., turning off GPU/CUDA, reducing quality, changing defaults, switching to CPU).",PROHIBITION,,"It says never do these things, which is a clear prohibition.",2026-06-15 15:06:35.800200
Wenyu,context,https://github.com/adamglang/sovereign-core/blob/68a0396bd26d88301d59c9fec20bfe7494ea75e8/.clinerules,hand,Wenyu,13,14,**If a failure is caused by missing or misconfigured dependencies:**,,condition,,2026-06-15 14:57:07.242729
Wenyu,context,https://github.com/adamglang/sovereign-core/blob/68a0396bd26d88301d59c9fec20bfe7494ea75e8/.clinerules,revise,anthropic/claude-opus-4-8,13,13,**If a failure is caused by missing or misconfigured dependencies:**,,,"This is a framing header for the steps that follow, not a directive itself.",2026-06-15 15:06:35.800200
Wenyu,rule,https://github.com/adamglang/sovereign-core/blob/68a0396bd26d88301d59c9fec20bfe7494ea75e8/.clinerules,hand,Wenyu,14,15,"1. **Attempt a real fix** - correct package, version, PATH, provider, config",PRESCRIPTION,Give direction but vague,,2026-06-09 19:26:08.227275
Wenyu,rule,https://github.com/adamglang/sovereign-core/blob/68a0396bd26d88301d59c9fec20bfe7494ea75e8/.clinerules,revise,anthropic/claude-opus-4-8,14,14,"1. **Attempt a real fix** - correct package, version, PATH, provider, config",PRESCRIPTION,,"It directs you to attempt a real fix, which is a required action.",2026-06-15 15:06:35.800200
Wenyu,rule,https://github.com/adamglang/sovereign-core/blob/68a0396bd26d88301d59c9fec20bfe7494ea75e8/.clinerules,hand,Wenyu,15,19,"2. **If the fix requires system installs or user action, STOP and report:**
   - Exactly what is missing
   - Why it's missing
   - How to install/verify it
   - Commands to diagnose the current state",PRESCRIPTION,Hook on system installs/user action,,2026-06-09 13:49:55.376966
Wenyu,rule,https://github.com/adamglang/sovereign-core/blob/68a0396bd26d88301d59c9fec20bfe7494ea75e8/.clinerules,revise,anthropic/claude-opus-4-8,15,19,"2. **If the fix requires system installs or user action, STOP and report:**
   - Exactly what is missing
   - Why it's missing
   - How to install/verify it
   - Commands to diagnose the current state",PRESCRIPTION,,"It mandates stopping and reporting specific details, so it's prescriptive.",2026-06-15 15:06:35.800200
Wenyu,rule,https://github.com/adamglang/sovereign-core/blob/68a0396bd26d88301d59c9fec20bfe7494ea75e8/.clinerules,hand,Wenyu,21,23,"**Fallbacks (CPU, reduced mode, mocks) are allowed ONLY if:**
- Explicitly requested by the user, OR
- Already defined as an opt-in mode",PERMISSION,A permission inside a previously prohibition. Referencing to line 10,,2026-06-09 13:51:04.354066
Wenyu,rule,https://github.com/adamglang/sovereign-core/blob/68a0396bd26d88301d59c9fec20bfe7494ea75e8/.clinerules,revise,anthropic/claude-opus-4-8,21,23,"**Fallbacks (CPU, reduced mode, mocks) are allowed ONLY if:**
- Explicitly requested by the user, OR
- Already defined as an opt-in mode",PERMISSION,,It grants permission for fallbacks only under certain conditions.,2026-06-15 15:06:35.800200
Wenyu,rule,https://github.com/adamglang/sovereign-core/blob/68a0396bd26d88301d59c9fec20bfe7494ea75e8/.clinerules,hand,Wenyu,25,25,Defaults must remain on the best-supported path.,PRESCRIPTION,,,2026-06-09 13:53:46.396032
Wenyu,rule,https://github.com/adamglang/sovereign-core/blob/68a0396bd26d88301d59c9fec20bfe7494ea75e8/.clinerules,hand,Wenyu,25,25,"Never silently degrade behavior to ""make it work.",PROHIBITION,,,2026-06-09 13:53:54.528416
Wenyu,rule,https://github.com/adamglang/sovereign-core/blob/68a0396bd26d88301d59c9fec20bfe7494ea75e8/.clinerules,revise,anthropic/claude-opus-4-8,25,25,Defaults must remain on the best-supported path.,PRESCRIPTION,,"It requires defaults to stay on the best path, so it's a must.",2026-06-15 15:06:35.800200
Wenyu,rule,https://github.com/adamglang/sovereign-core/blob/68a0396bd26d88301d59c9fec20bfe7494ea75e8/.clinerules,revise,anthropic/claude-opus-4-8,25,25,"Never silently degrade behavior to ""make it work.",PROHIBITION,,"It bars silently degrading behavior, which is a prohibition.",2026-06-15 15:06:35.800200
Wenyu,rule,https://github.com/adamglang/sovereign-core/blob/68a0396bd26d88301d59c9fec20bfe7494ea75e8/.clinerules,hand,Wenyu,28,28,"Before writing new code which establishes a new pattern, dev practice, minor architecture solution, algorithm, or UI technique, proactively search the repo for existing patterns, utilities, or implementations that solve a similar problem.",PRESCRIPTION,"the trigger is a bit vague (what is new code), action is clear, search term is vague",,2026-06-09 13:54:59.460002
Wenyu,rule,https://github.com/adamglang/sovereign-core/blob/68a0396bd26d88301d59c9fec20bfe7494ea75e8/.clinerules,revise,anthropic/claude-opus-4-8,28,28,"Before writing new code which establishes a new pattern, dev practice, minor architecture solution, algorithm, or UI technique, proactively search the repo for existing patterns, utilities, or implementations that solve a similar problem.",PRESCRIPTION,,"It requires searching the repo before writing new code, so it's prescriptive.",2026-06-15 15:06:35.800200
Wenyu,rule,https://github.com/adamglang/sovereign-core/blob/68a0396bd26d88301d59c9fec20bfe7494ea75e8/.clinerules,hand,Wenyu,30,38,"**Align with the established approach for:**
- State management (e.g., Redux Toolkit, Zustand, Recoil, Context)
- Data fetching/caching (e.g., React Query, SWR, custom API client)
- HTTP layer (e.g., fetch wrapper, Axios instance, interceptors)
- Form management (e.g., React Hook Form, Formik)
- Styling (e.g., CSS Modules, Tailwind, styled-components)
- Error handling and notifications
- File/folder structure, naming conventions, barrel exports, and index placement
- Testing libraries and patterns (e.g., Vitest/Jest, Testing Library)",PREFERENCE,"A list of preference, requires knowledge in the codebase to align (what to align with)",,2026-06-09 13:56:51.467598
Wenyu,rule,https://github.com/adamglang/sovereign-core/blob/68a0396bd26d88301d59c9fec20bfe7494ea75e8/.clinerules,revise,anthropic/claude-opus-4-8,30,38,"**Align with the established approach for:**
- State management (e.g., Redux Toolkit, Zustand, Recoil, Context)
- Data fetching/caching (e.g., React Query, SWR, custom API client)
- HTTP layer (e.g., fetch wrapper, Axios instance, interceptors)
- Form management (e.g., React Hook Form, Formik)
- Styling (e.g., CSS Modules, Tailwind, styled-components)
- Error handling and notifications
- File/folder structure, naming conventions, barrel exports, and index placement
- Testing libraries and patterns (e.g., Vitest/Jest, Testing Library)",PREFERENCE,,"It tells you how to align with existing approaches, a how-to preference.",2026-06-15 15:06:35.800200
Wenyu,rule,https://github.com/adamglang/sovereign-core/blob/68a0396bd26d88301d59c9fec20bfe7494ea75e8/.clinerules,hand,Wenyu,40,40,"**Do not introduce parallel patterns, dual sources of truth, or divergent frameworks** without explicit instruction.",PROHIBITION,but vague,,2026-06-09 13:58:04.735560
Wenyu,rule,https://github.com/adamglang/sovereign-core/blob/68a0396bd26d88301d59c9fec20bfe7494ea75e8/.clinerules,hand,Wenyu,40,40,"If a new pattern seems necessary, propose it first with a short ADR draft in docs/adr (include context, options considered, decision, consequences).",PREFERENCE,,,2026-06-09 13:58:24.817326
Wenyu,rule,https://github.com/adamglang/sovereign-core/blob/68a0396bd26d88301d59c9fec20bfe7494ea75e8/.clinerules,revise,anthropic/claude-opus-4-8,40,40,"If a new pattern seems necessary, propose it first with a short ADR draft in docs/adr (include context, options considered, decision, consequences).",PREFERENCE,,"It recommends how to handle a needed new pattern, a soft how-to.",2026-06-15 15:06:35.800200
Wenyu,rule,https://github.com/adamglang/sovereign-core/blob/68a0396bd26d88301d59c9fec20bfe7494ea75e8/.clinerules,revise,anthropic/claude-opus-4-8,40,40,"**Do not introduce parallel patterns, dual sources of truth, or divergent frameworks** without explicit instruction.",PROHIBITION,,It forbids introducing parallel patterns without instruction.,2026-06-15 15:06:35.800200
Wenyu,rule,https://github.com/adamglang/sovereign-core/blob/68a0396bd26d88301d59c9fec20bfe7494ea75e8/.clinerules,hand,Wenyu,43,43,"Scan the codebase (components, hooks, services/api, utils, lib) and package.json to infer patterns",PRESCRIPTION,,,2026-06-09 13:59:26.356988
Wenyu,rule,https://github.com/adamglang/sovereign-core/blob/68a0396bd26d88301d59c9fec20bfe7494ea75e8/.clinerules,revise,anthropic/claude-opus-4-8,43,43,"Scan the codebase (components, hooks, services/api, utils, lib) and package.json to infer patterns",PRESCRIPTION,,It's a required checklist step to scan the codebase.,2026-06-15 15:06:35.800200
Wenyu,rule,https://github.com/adamglang/sovereign-core/blob/68a0396bd26d88301d59c9fec20bfe7494ea75e8/.clinerules,hand,Wenyu,44,44,Summarize the chosen existing pattern before coding,,Enforcement axis would be useful,,2026-06-09 13:59:40.367868
Wenyu,rule,https://github.com/adamglang/sovereign-core/blob/68a0396bd26d88301d59c9fec20bfe7494ea75e8/.clinerules,revise,anthropic/claude-opus-4-8,44,44,Summarize the chosen existing pattern before coding,,,Kept as the human labeled it.,2026-06-15 15:06:35.800200
Wenyu,rule,https://github.com/adamglang/sovereign-core/blob/68a0396bd26d88301d59c9fec20bfe7494ea75e8/.clinerules,hand,Wenyu,45,45,"If conflicts are found, prefer refactoring toward the dominant repo pattern",PREFERENCE,,,2026-06-09 14:00:36.855568
Wenyu,rule,https://github.com/adamglang/sovereign-core/blob/68a0396bd26d88301d59c9fec20bfe7494ea75e8/.clinerules,revise,anthropic/claude-opus-4-8,45,45,"If conflicts are found, prefer refactoring toward the dominant repo pattern",PREFERENCE,,"It uses 'prefer', indicating a soft preference.",2026-06-15 15:06:35.800200
Wenyu,rule,https://github.com/adamglang/sovereign-core/blob/68a0396bd26d88301d59c9fec20bfe7494ea75e8/.clinerules,hand,Wenyu,47,48,"### 2) Minimal-comment policy (rate 1–10; only write if ≥ 8)
Before adding any comment, ask: **""On a scale of 1–10, how necessary is a comment here for future readers to understand, maintain, or safely modify this code?""**",PREFERENCE,,,2026-06-09 19:13:51.037067
Wenyu,rule,https://github.com/adamglang/sovereign-core/blob/68a0396bd26d88301d59c9fec20bfe7494ea75e8/.clinerules,revise,anthropic/claude-opus-4-8,47,48,"### 2) Minimal-comment policy (rate 1–10; only write if ≥ 8)
Before adding any comment, ask: **""On a scale of 1–10, how necessary is a comment here for future readers to understand, maintain, or safely modify this code?""**",PREFERENCE,,"It guides how to evaluate comments, a how-to preference.",2026-06-15 15:06:35.800200
Wenyu,rule,https://github.com/adamglang/sovereign-core/blob/68a0396bd26d88301d59c9fec20bfe7494ea75e8/.clinerules,hand,Wenyu,50,51,"**If the answer is less than 8, do not add the comment.**",PRESCRIPTION,,,2026-06-09 19:27:06.184187
Wenyu,rule,https://github.com/adamglang/sovereign-core/blob/68a0396bd26d88301d59c9fec20bfe7494ea75e8/.clinerules,revise,anthropic/claude-opus-4-8,50,50,"**If the answer is less than 8, do not add the comment.**",PRESCRIPTION,,"It mandates not adding the comment below threshold, a firm directive.",2026-06-15 15:06:35.800200
Wenyu,rule,https://github.com/adamglang/sovereign-core/blob/68a0396bd26d88301d59c9fec20bfe7494ea75e8/.clinerules,hand,Wenyu,52,53,"Prefer self-explanatory code: descriptive names, small functions, strong TypeScript types, and tests over comments.",PREFERENCE,,,2026-06-09 19:26:56.066395
Wenyu,rule,https://github.com/adamglang/sovereign-core/blob/68a0396bd26d88301d59c9fec20bfe7494ea75e8/.clinerules,revise,anthropic/claude-opus-4-8,52,52,"Prefer self-explanatory code: descriptive names, small functions, strong TypeScript types, and tests over comments.",PREFERENCE,,"It uses 'prefer', a soft preference.",2026-06-15 15:06:35.800200
Wenyu,rule,https://github.com/adamglang/sovereign-core/blob/68a0396bd26d88301d59c9fec20bfe7494ea75e8/.clinerules,hand,Wenyu,54,59,"**Acceptable comments (when necessity ≥ 8):**
- Non-obvious invariants, edge-case constraints, or cross-cutting concerns
- Security, performance, or concurrency footguns
- Links to ADRs, design docs, or external contracts that impact behavior
- Public API TSDoc for exported, stable APIs (keep succinct)
- TODO statements should not be created but also should not be removed without explicit instruciton",PREFERENCE,,,2026-06-09 19:27:57.698953
Wenyu,rule,https://github.com/adamglang/sovereign-core/blob/68a0396bd26d88301d59c9fec20bfe7494ea75e8/.clinerules,revise,anthropic/claude-opus-4-8,54,59,"**Acceptable comments (when necessity ≥ 8):**
- Non-obvious invariants, edge-case constraints, or cross-cutting concerns
- Security, performance, or concurrency footguns
- Links to ADRs, design docs, or external contracts that impact behavior
- Public API TSDoc for exported, stable APIs (keep succinct)
- TODO statements should not be created but also should not be removed without explicit instruciton",PREFERENCE,,"It describes which comments are acceptable, a how-to guidance.",2026-06-15 15:06:35.800200
Wenyu,rule,https://github.com/adamglang/sovereign-core/blob/68a0396bd26d88301d59c9fec20bfe7494ea75e8/.clinerules,hand,Wenyu,61,61,**Never leave commented-out code.**,PROHIBITION,,,2026-06-09 19:29:10.981532
Wenyu,rule,https://github.com/adamglang/sovereign-core/blob/68a0396bd26d88301d59c9fec20bfe7494ea75e8/.clinerules,hand,Wenyu,61,61,Remove it or gate it behind feature flags if essential.,PREFERENCE,Two suggested actions,,2026-06-09 19:29:20.430503
Wenyu,rule,https://github.com/adamglang/sovereign-core/blob/68a0396bd26d88301d59c9fec20bfe7494ea75e8/.clinerules,revise,anthropic/claude-opus-4-8,61,61,Remove it or gate it behind feature flags if essential.,PREFERENCE,,"It offers options for handling the code, a soft how-to.",2026-06-15 15:06:35.800200
Wenyu,rule,https://github.com/adamglang/sovereign-core/blob/68a0396bd26d88301d59c9fec20bfe7494ea75e8/.clinerules,revise,anthropic/claude-opus-4-8,61,61,**Never leave commented-out code.**,PROHIBITION,,"It bars leaving commented-out code, a prohibition.",2026-06-15 15:06:35.800200
Wenyu,rule,https://github.com/adamglang/sovereign-core/blob/68a0396bd26d88301d59c9fec20bfe7494ea75e8/.clinerules,hand,Wenyu,64,64,**At task start:** confirm you will follow these rules,PRESCRIPTION,What rules??,,2026-06-09 19:36:46.722851
Wenyu,rule,https://github.com/adamglang/sovereign-core/blob/68a0396bd26d88301d59c9fec20bfe7494ea75e8/.clinerules,hand,Wenyu,64,64,"Explicitly list detected patterns relevant to the task (state, data fetching, HTTP, styling, tests)",PRESCRIPTION,,,2026-06-09 19:37:00.405013
Wenyu,rule,https://github.com/adamglang/sovereign-core/blob/68a0396bd26d88301d59c9fec20bfe7494ea75e8/.clinerules,revise,anthropic/claude-opus-4-8,64,64,"Explicitly list detected patterns relevant to the task (state, data fetching, HTTP, styling, tests)",PRESCRIPTION,,"It requires explicitly listing detected patterns, a must.",2026-06-15 15:06:35.800200
Wenyu,rule,https://github.com/adamglang/sovereign-core/blob/68a0396bd26d88301d59c9fec20bfe7494ea75e8/.clinerules,revise,anthropic/claude-opus-4-8,64,64,**At task start:** confirm you will follow these rules,PRESCRIPTION,,It requires confirming you'll follow the rules at task start.,2026-06-15 15:06:35.800200
Wenyu,rule,https://github.com/adamglang/sovereign-core/blob/68a0396bd26d88301d59c9fec20bfe7494ea75e8/.clinerules,hand,Wenyu,65,65,**Before writing a new module/component:** show which existing pattern or module you will align with and where it lives,,Gives obligation but vague,,2026-06-09 19:37:14.472371
Wenyu,rule,https://github.com/adamglang/sovereign-core/blob/68a0396bd26d88301d59c9fec20bfe7494ea75e8/.clinerules,revise,anthropic/claude-opus-4-8,65,65,**Before writing a new module/component:** show which existing pattern or module you will align with and where it lives,,,Kept as the human labeled it.,2026-06-15 15:06:35.800200
Wenyu,rule,https://github.com/adamglang/sovereign-core/blob/68a0396bd26d88301d59c9fec20bfe7494ea75e8/.clinerules,hand,Wenyu,66,66,"**After implementing:** ensure formatting, linting, and tests run with the repo's existing toolchain. Use the existing package manager (detect via lockfile)",PRESCRIPTION,,,2026-06-09 19:40:06.635542
Wenyu,rule,https://github.com/adamglang/sovereign-core/blob/68a0396bd26d88301d59c9fec20bfe7494ea75e8/.clinerules,revise,anthropic/claude-opus-4-8,66,66,"**After implementing:** ensure formatting, linting, and tests run with the repo's existing toolchain. Use the existing package manager (detect via lockfile)",PRESCRIPTION,,It requires running tooling and using the existing package manager.,2026-06-15 15:06:35.800200
Wenyu,rule,https://github.com/adamglang/sovereign-core/blob/68a0396bd26d88301d59c9fec20bfe7494ea75e8/.clinerules,hand,Wenyu,67,67,**If uncertainty remains:** ask for clarification before proceeding,PREFERENCE,,,2026-06-09 19:40:17.401672
Wenyu,rule,https://github.com/adamglang/sovereign-core/blob/68a0396bd26d88301d59c9fec20bfe7494ea75e8/.clinerules,revise,anthropic/claude-opus-4-8,67,67,**If uncertainty remains:** ask for clarification before proceeding,PREFERENCE,,"It advises asking for clarification, a soft how-to step.",2026-06-15 15:06:35.800200
Wenyu,rule,https://github.com/adamglang/sovereign-core/blob/68a0396bd26d88301d59c9fec20bfe7494ea75e8/.clinerules,hand,Wenyu,70,71,"- Respect existing toolchain and scripts from package.json (package manager, lint/test commands)",PREFERENCE,,,2026-06-09 19:54:52.437901
Wenyu,rule,https://github.com/adamglang/sovereign-core/blob/68a0396bd26d88301d59c9fec20bfe7494ea75e8/.clinerules,revise,anthropic/claude-opus-4-8,70,70,"- Respect existing toolchain and scripts from package.json (package manager, lint/test commands)",PREFERENCE,,"It guides respecting existing toolchain, a soft preference.",2026-06-15 15:06:35.800200
Wenyu,rule,https://github.com/adamglang/sovereign-core/blob/68a0396bd26d88301d59c9fec20bfe7494ea75e8/.clinerules,hand,Wenyu,71,72,- Keep dependencies consistent. Avoid adding new libs unless required and approved,PREFERENCE,,,2026-06-09 19:54:55.635821
Wenyu,rule,https://github.com/adamglang/sovereign-core/blob/68a0396bd26d88301d59c9fec20bfe7494ea75e8/.clinerules,revise,anthropic/claude-opus-4-8,71,71,- Keep dependencies consistent. Avoid adding new libs unless required and approved,PREFERENCE,,"It advises keeping deps consistent and avoiding new libs, a preference.",2026-06-15 15:06:35.800200
Wenyu,rule,https://github.com/adamglang/sovereign-core/blob/68a0396bd26d88301d59c9fec20bfe7494ea75e8/.clinerules,hand,Wenyu,72,73,"- Prefer colocated tests alongside modules, matching the repo's current convention",PREFERENCE,,,2026-06-09 19:54:58.685412
Wenyu,rule,https://github.com/adamglang/sovereign-core/blob/68a0396bd26d88301d59c9fec20bfe7494ea75e8/.clinerules,revise,anthropic/claude-opus-4-8,72,72,"- Prefer colocated tests alongside modules, matching the repo's current convention",PREFERENCE,,"It uses 'prefer', a soft preference.",2026-06-15 15:06:35.800200
Wenyu,rule,https://github.com/adamglang/sovereign-core/blob/68a0396bd26d88301d59c9fec20bfe7494ea75e8/.clinerules,hand,Wenyu,74,75,"**🚨 NEVER DISABLE LINTING, COMPILATION, OR TYPE ERRORS 🚨**",PROHIBITION,,,2026-06-09 19:55:08.169932
Wenyu,rule,https://github.com/adamglang/sovereign-core/blob/68a0396bd26d88301d59c9fec20bfe7494ea75e8/.clinerules,revise,anthropic/claude-opus-4-8,74,74,"**🚨 NEVER DISABLE LINTING, COMPILATION, OR TYPE ERRORS 🚨**",PROHIBITION,,"It says never disable these, a clear prohibition.",2026-06-15 15:06:35.800200
Wenyu,rule,https://github.com/adamglang/sovereign-core/blob/68a0396bd26d88301d59c9fec20bfe7494ea75e8/.clinerules,hand,Wenyu,76,76,"**CRITICAL RULE:** Do not use eslint-disable, @ts-ignore, @ts-expect-error, or similar pragmas to bypass linting or type errors.",PROHIBITION,,,2026-06-09 19:55:41.003790
Wenyu,rule,https://github.com/adamglang/sovereign-core/blob/68a0396bd26d88301d59c9fec20bfe7494ea75e8/.clinerules,revise,anthropic/claude-opus-4-8,76,76,"**CRITICAL RULE:** Do not use eslint-disable, @ts-ignore, @ts-expect-error, or similar pragmas to bypass linting or type errors.",PROHIBITION,,"It forbids using those pragmas, a prohibition.",2026-06-15 15:06:35.800200
Wenyu,context,https://github.com/adamglang/sovereign-core/blob/68a0396bd26d88301d59c9fec20bfe7494ea75e8/.clinerules,revise,anthropic/claude-opus-4-8,76,76,These hide problems rather than solve them.,,,"It explains why the pragmas are banned, just background reasoning.",2026-06-15 15:06:35.800200
Wenyu,rule,https://github.com/adamglang/sovereign-core/blob/68a0396bd26d88301d59c9fec20bfe7494ea75e8/.clinerules,hand,Wenyu,78,79,"**When encountering lint/type errors:**
1. **FIX THE ROOT CAUSE** - Refactor code to satisfy the rule properly",PRESCRIPTION,,,2026-06-09 19:55:57.835831
Wenyu,rule,https://github.com/adamglang/sovereign-core/blob/68a0396bd26d88301d59c9fec20bfe7494ea75e8/.clinerules,revise,anthropic/claude-opus-4-8,78,79,"**When encountering lint/type errors:**
1. **FIX THE ROOT CAUSE** - Refactor code to satisfy the rule properly",PRESCRIPTION,,"It directs fixing the root cause, a required action.",2026-06-15 15:06:35.800200
Wenyu,rule,https://github.com/adamglang/sovereign-core/blob/68a0396bd26d88301d59c9fec20bfe7494ea75e8/.clinerules,hand,Wenyu,80,81,2. **RESTRUCTURE** - Modify the code structure to avoid the issue,PRESCRIPTION,,,2026-06-09 19:56:03.818938
Wenyu,rule,https://github.com/adamglang/sovereign-core/blob/68a0396bd26d88301d59c9fec20bfe7494ea75e8/.clinerules,revise,anthropic/claude-opus-4-8,80,80,2. **RESTRUCTURE** - Modify the code structure to avoid the issue,PRESCRIPTION,,"It directs restructuring the code, a required step.",2026-06-15 15:06:35.800200
Wenyu,rule,https://github.com/adamglang/sovereign-core/blob/68a0396bd26d88301d59c9fec20bfe7494ea75e8/.clinerules,hand,Wenyu,81,82,"3. **CONFIGURE** - If the rule is genuinely inappropriate, update the config file (eslint.config.js, tsconfig.json) with proper justification",PERMISSION,,,2026-06-09 19:56:12.352410
Wenyu,rule,https://github.com/adamglang/sovereign-core/blob/68a0396bd26d88301d59c9fec20bfe7494ea75e8/.clinerules,revise,anthropic/claude-opus-4-8,81,81,"3. **CONFIGURE** - If the rule is genuinely inappropriate, update the config file (eslint.config.js, tsconfig.json) with proper justification",PERMISSION,,"It allows updating config only if the rule is inappropriate, a conditional permission.",2026-06-15 15:06:35.800200
Wenyu,rule,https://github.com/adamglang/sovereign-core/blob/68a0396bd26d88301d59c9fec20bfe7494ea75e8/.clinerules,hand,Wenyu,83,87,"**Examples of proper fixes:**
- ❌ `// eslint-disable-next-line react-refresh/only-export-components`
- ✅ Move test utilities to separate config that disables the rule for test files
- ✅ Replace `export *` with explicit named exports
- ✅ Capture ref values in effect scope to satisfy exhaustive-deps",PREFERENCE,,,2026-06-09 20:05:34.376054
Wenyu,rule,https://github.com/adamglang/sovereign-core/blob/68a0396bd26d88301d59c9fec20bfe7494ea75e8/.clinerules,revise,anthropic/claude-opus-4-8,83,87,"**Examples of proper fixes:**
- ❌ `// eslint-disable-next-line react-refresh/only-export-components`
- ✅ Move test utilities to separate config that disables the rule for test files
- ✅ Replace `export *` with explicit named exports
- ✅ Capture ref values in effect scope to satisfy exhaustive-deps",PREFERENCE,,"It illustrates preferred fix approaches, a how-to guide.",2026-06-15 15:06:35.800200
Wenyu,rule,https://github.com/adamglang/sovereign-core/blob/68a0396bd26d88301d59c9fec20bfe7494ea75e8/.clinerules,hand,Wenyu,89,89,**Only exception:** Generated code or third-party dependencies that cannot be modified.,PERMISSION,,,2026-06-09 19:59:52.572733
Wenyu,rule,https://github.com/adamglang/sovereign-core/blob/68a0396bd26d88301d59c9fec20bfe7494ea75e8/.clinerules,hand,Wenyu,89,89,"Even then, isolate with targeted config changes, not inline disables.",PRESCRIPTION,,,2026-06-09 20:00:05.522781
Wenyu,rule,https://github.com/adamglang/sovereign-core/blob/68a0396bd26d88301d59c9fec20bfe7494ea75e8/.clinerules,revise,anthropic/claude-opus-4-8,89,89,"Even then, isolate with targeted config changes, not inline disables.",PRESCRIPTION,,It mandates isolating with config changes rather than inline disables.,2026-06-15 15:06:35.800200
Wenyu,rule,https://github.com/adamglang/sovereign-core/blob/68a0396bd26d88301d59c9fec20bfe7494ea75e8/.clinerules,revise,anthropic/claude-opus-4-8,89,89,**Only exception:** Generated code or third-party dependencies that cannot be modified.,PERMISSION,,It carves out an exception that permits otherwise prohibited behavior.,2026-06-15 15:06:35.800200
Wenyu,rule,https://github.com/adamglang/sovereign-core/blob/68a0396bd26d88301d59c9fec20bfe7494ea75e8/.clinerules,hand,Wenyu,92,92,*ALWAYS prefer the simplest solution that meets the specification,PREFERENCE,,,2026-06-09 20:07:11.952186
Wenyu,rule,https://github.com/adamglang/sovereign-core/blob/68a0396bd26d88301d59c9fec20bfe7494ea75e8/.clinerules,hand,Wenyu,92,92,"When implementing features or refactoring, actively reduce complexity rather than add it.",PRESCRIPTION,,,2026-06-09 20:07:28.574044
Wenyu,rule,https://github.com/adamglang/sovereign-core/blob/68a0396bd26d88301d59c9fec20bfe7494ea75e8/.clinerules,revise,anthropic/claude-opus-4-8,92,92,*ALWAYS prefer the simplest solution that meets the specification,PREFERENCE,,"It uses 'prefer', a soft preference even though emphatic.",2026-06-15 15:06:35.800200
Wenyu,rule,https://github.com/adamglang/sovereign-core/blob/68a0396bd26d88301d59c9fec20bfe7494ea75e8/.clinerules,revise,anthropic/claude-opus-4-8,92,92,"When implementing features or refactoring, actively reduce complexity rather than add it.",PRESCRIPTION,,"It directs actively reducing complexity, a required behavior.",2026-06-15 15:06:35.800200
Wenyu,rule,https://github.com/adamglang/sovereign-core/blob/68a0396bd26d88301d59c9fec20bfe7494ea75e8/.clinerules,hand,Wenyu,94,94,"**Core principle:** Lower complexity is a primary goal, second only to meeting the specification requirements.",PREFERENCE,,,2026-06-09 20:08:22.885072
Wenyu,rule,https://github.com/adamglang/sovereign-core/blob/68a0396bd26d88301d59c9fec20bfe7494ea75e8/.clinerules,revise,anthropic/claude-opus-4-8,94,94,"**Core principle:** Lower complexity is a primary goal, second only to meeting the specification requirements.",PREFERENCE,,"It states a guiding principle about complexity, a soft preference.",2026-06-15 15:06:35.800200
Wenyu,rule,https://github.com/adamglang/sovereign-core/blob/68a0396bd26d88301d59c9fec20bfe7494ea75e8/.clinerules,hand,Wenyu,97,98,"- Choose the solution with fewest moving parts, abstractions, or layers",PRESCRIPTION,,,2026-06-09 20:08:50.523640
Wenyu,rule,https://github.com/adamglang/sovereign-core/blob/68a0396bd26d88301d59c9fec20bfe7494ea75e8/.clinerules,revise,anthropic/claude-opus-4-8,97,97,"- Choose the solution with fewest moving parts, abstractions, or layers",PRESCRIPTION,,"It directs choosing the simplest solution, a required action.",2026-06-15 15:06:35.800200
Wenyu,rule,https://github.com/adamglang/sovereign-core/blob/68a0396bd26d88301d59c9fec20bfe7494ea75e8/.clinerules,hand,Wenyu,98,99,"- Eliminate redundant code, duplicate patterns, or parallel implementations",PRESCRIPTION,,,2026-06-09 20:09:03.789261
Wenyu,rule,https://github.com/adamglang/sovereign-core/blob/68a0396bd26d88301d59c9fec20bfe7494ea75e8/.clinerules,revise,anthropic/claude-opus-4-8,98,98,"- Eliminate redundant code, duplicate patterns, or parallel implementations",PRESCRIPTION,,"It directs eliminating redundancy, a required action.",2026-06-15 15:06:35.800200
Wenyu,rule,https://github.com/adamglang/sovereign-core/blob/68a0396bd26d88301d59c9fec20bfe7494ea75e8/.clinerules,hand,Wenyu,99,100,- Refactor complex solutions into simpler ones when discovered,PRESCRIPTION,,,2026-06-09 20:09:36.923389
Wenyu,rule,https://github.com/adamglang/sovereign-core/blob/68a0396bd26d88301d59c9fec20bfe7494ea75e8/.clinerules,revise,anthropic/claude-opus-4-8,99,99,- Refactor complex solutions into simpler ones when discovered,PRESCRIPTION,,"It directs refactoring complex into simpler, a required action.",2026-06-15 15:06:35.800200
Wenyu,rule,https://github.com/adamglang/sovereign-core/blob/68a0396bd26d88301d59c9fec20bfe7494ea75e8/.clinerules,hand,Wenyu,100,101,"- Question every abstraction: ""Does this actually reduce complexity, or just hide it?""",PREFERENCE,,,2026-06-09 20:09:47.114223
Wenyu,rule,https://github.com/adamglang/sovereign-core/blob/68a0396bd26d88301d59c9fec20bfe7494ea75e8/.clinerules,revise,anthropic/claude-opus-4-8,100,100,"- Question every abstraction: ""Does this actually reduce complexity, or just hide it?""",PREFERENCE,,"It advises questioning abstractions, a soft how-to.",2026-06-15 15:06:35.800200
Wenyu,rule,https://github.com/adamglang/sovereign-core/blob/68a0396bd26d88301d59c9fec20bfe7494ea75e8/.clinerules,hand,Wenyu,104,105,"**The phrase ""backward compatibility"" is a CRITICAL WARNING SIGN.**",PREFERENCE,,,2026-06-09 20:10:31.206536
Wenyu,rule,https://github.com/adamglang/sovereign-core/blob/68a0396bd26d88301d59c9fec20bfe7494ea75e8/.clinerules,revise,anthropic/claude-opus-4-8,104,104,"**The phrase ""backward compatibility"" is a CRITICAL WARNING SIGN.**",PREFERENCE,,"It frames awareness about the phrase, a soft guidance.",2026-06-15 15:06:35.800200
Wenyu,rule,https://github.com/adamglang/sovereign-core/blob/68a0396bd26d88301d59c9fec20bfe7494ea75e8/.clinerules,hand,Wenyu,106,106,"**NEVER independently implement backward compatibility, multi-version support, or dual implementations** without explicit approval.",PROHIBITION,,,2026-06-09 20:10:58.408037
Wenyu,rule,https://github.com/adamglang/sovereign-core/blob/68a0396bd26d88301d59c9fec20bfe7494ea75e8/.clinerules,hand,Wenyu,106,114,"If you believe backward compatibility is necessary:

1. **STOP** implementation immediately
2. **ASK** the user for explicit approval with a clear proposal:
   - What will be maintained for backward compatibility
   - Why it's necessary
   - What complexity it adds
   - What the migration path would be instead
3. **WAIT** for explicit instruction before proceeding",PRESCRIPTION,a series of action triggered at a vague condition,,2026-06-09 20:11:25.709124
Wenyu,rule,https://github.com/adamglang/sovereign-core/blob/68a0396bd26d88301d59c9fec20bfe7494ea75e8/.clinerules,revise,anthropic/claude-opus-4-8,106,114,"If you believe backward compatibility is necessary:

1. **STOP** implementation immediately
2. **ASK** the user for explicit approval with a clear proposal:
   - What will be maintained for backward compatibility
   - Why it's necessary
   - What complexity it adds
   - What the migration path would be instead
3. **WAIT** for explicit instruction before proceeding",PRESCRIPTION,,"It mandates a stop-ask-wait sequence, a required process.",2026-06-15 15:06:35.800200
Wenyu,rule,https://github.com/adamglang/sovereign-core/blob/68a0396bd26d88301d59c9fec20bfe7494ea75e8/.clinerules,revise,anthropic/claude-opus-4-8,106,106,"**NEVER independently implement backward compatibility, multi-version support, or dual implementations** without explicit approval.",PROHIBITION,,It forbids implementing backward compatibility without approval.,2026-06-15 15:06:35.800200
Wenyu,context,https://github.com/adamglang/sovereign-core/blob/68a0396bd26d88301d59c9fec20bfe7494ea75e8/.clinerules,revise,anthropic/claude-opus-4-8,116,121,"**Rationale:** Backward compatibility:
- Creates dual sources of truth that evolve independently
- Multiplies maintenance burden and bug surface area
- Fragments the codebase into parallel implementations
- Prevents clean evolution toward better patterns
- Adds permanent complexity that compounds over time",,,"It gives reasons backward compatibility is bad, explanatory background not a directive.",2026-06-15 15:06:35.800200
Wenyu,rule,https://github.com/adamglang/sovereign-core/blob/68a0396bd26d88301d59c9fec20bfe7494ea75e8/.clinerules,hand,Wenyu,123,123,Migrate/refactor to the new pattern. Delete the old one,PRESCRIPTION,,,2026-06-09 20:19:28.984586
Wenyu,rule,https://github.com/adamglang/sovereign-core/blob/68a0396bd26d88301d59c9fec20bfe7494ea75e8/.clinerules,hand,Wenyu,123,123,Move forward as a cohesive unit.,PRESCRIPTION,,,2026-06-09 20:19:37.557603
Wenyu,rule,https://github.com/adamglang/sovereign-core/blob/68a0396bd26d88301d59c9fec20bfe7494ea75e8/.clinerules,revise,anthropic/claude-opus-4-8,123,123,Migrate/refactor to the new pattern. Delete the old one,PRESCRIPTION,,"It directs migrating and deleting the old pattern, a required default action.",2026-06-15 15:06:35.800200
Wenyu,rule,https://github.com/adamglang/sovereign-core/blob/68a0396bd26d88301d59c9fec20bfe7494ea75e8/.clinerules,revise,anthropic/claude-opus-4-8,123,123,Move forward as a cohesive unit.,PRESCRIPTION,,"It directs moving forward cohesively, a required behavior.",2026-06-15 15:06:35.800200
Wenyu,rule,https://github.com/adamglang/sovereign-core/blob/68a0396bd26d88301d59c9fec20bfe7494ea75e8/.clinerules,hand,Wenyu,125,126,**Exception:** Only implement backward compatibility when explicitly instructed after review.,PERMISSION,,,2026-06-09 20:19:45.761640
Wenyu,rule,https://github.com/adamglang/sovereign-core/blob/68a0396bd26d88301d59c9fec20bfe7494ea75e8/.clinerules,revise,anthropic/claude-opus-4-8,125,125,**Exception:** Only implement backward compatibility when explicitly instructed after review.,PERMISSION,,"It permits backward compatibility only when instructed, a conditional permission.",2026-06-15 15:06:35.800200
Wenyu,rule,https://github.com/adamglang/sovereign-core/blob/68a0396bd26d88301d59c9fec20bfe7494ea75e8/.clinerules,hand,Wenyu,127,127,"stay flexible, plan incrementally",PREFERENCE,,,2026-06-09 20:20:23.245890
Wenyu,rule,https://github.com/adamglang/sovereign-core/blob/68a0396bd26d88301d59c9fec20bfe7494ea75e8/.clinerules,revise,anthropic/claude-opus-4-8,127,127,"stay flexible, plan incrementally",PREFERENCE,,"It advises staying flexible and incremental, a soft preference.",2026-06-15 15:06:35.800200
Wenyu,rule,https://github.com/adamglang/sovereign-core/blob/68a0396bd26d88301d59c9fec20bfe7494ea75e8/.clinerules,hand,Wenyu,128,128,NEVER over-architect or plan too far ahead.,PROHIBITION,,,2026-06-09 20:20:32.757324
Wenyu,rule,https://github.com/adamglang/sovereign-core/blob/68a0396bd26d88301d59c9fec20bfe7494ea75e8/.clinerules,hand,Wenyu,128,128,"Build incrementally, validate constantly, and maintain the ability to pivot when requirements change.",PREFERENCE,,,2026-06-09 20:20:42.987265
Wenyu,rule,https://github.com/adamglang/sovereign-core/blob/68a0396bd26d88301d59c9fec20bfe7494ea75e8/.clinerules,revise,anthropic/claude-opus-4-8,128,128,NEVER over-architect or plan too far ahead.,PROHIBITION,,"It forbids over-architecting, a prohibition.",2026-06-15 15:06:35.800200
Wenyu,rule,https://github.com/adamglang/sovereign-core/blob/68a0396bd26d88301d59c9fec20bfe7494ea75e8/.clinerules,revise,anthropic/claude-opus-4-8,128,128,"Build incrementally, validate constantly, and maintain the ability to pivot when requirements change.",PREFERENCE,,"It advises an incremental, flexible approach, a soft preference.",2026-06-15 15:06:35.800200
Wenyu,rule,https://github.com/adamglang/sovereign-core/blob/68a0396bd26d88301d59c9fec20bfe7494ea75e8/.clinerules,hand,Wenyu,130,130,"**Core philosophy:** Complex systems evolve successfully through iteration, not through perfect up-front planning. Requirements change, assumptions fail, and Murphy's Law applies. Stay adaptable.",PREFERENCE,,,2026-06-09 20:21:24.459129
Wenyu,rule,https://github.com/adamglang/sovereign-core/blob/68a0396bd26d88301d59c9fec20bfe7494ea75e8/.clinerules,revise,anthropic/claude-opus-4-8,130,130,"**Core philosophy:** Complex systems evolve successfully through iteration, not through perfect up-front planning. Requirements change, assumptions fail, and Murphy's Law applies. Stay adaptable.",PREFERENCE,,"It states a philosophy of adaptability, a soft preference.",2026-06-15 15:06:35.800200
Wenyu,rule,https://github.com/adamglang/sovereign-core/blob/68a0396bd26d88301d59c9fec20bfe7494ea75e8/.clinerules,hand,Wenyu,133,134,"- **Build iteratively:** Implement the minimum viable solution first, then evolve based on actual needs",PREFERENCE,,,2026-06-09 20:21:47.169802
Wenyu,rule,https://github.com/adamglang/sovereign-core/blob/68a0396bd26d88301d59c9fec20bfe7494ea75e8/.clinerules,revise,anthropic/claude-opus-4-8,133,133,"- **Build iteratively:** Implement the minimum viable solution first, then evolve based on actual needs",PREFERENCE,,"It advises building iteratively, a soft how-to.",2026-06-15 15:06:35.800200
Wenyu,rule,https://github.com/adamglang/sovereign-core/blob/68a0396bd26d88301d59c9fec20bfe7494ea75e8/.clinerules,hand,Wenyu,134,135,- **Validate early:** Test assumptions and designs with working code as quickly as possible,PREFERENCE,,,2026-06-09 20:21:50.913484
Wenyu,rule,https://github.com/adamglang/sovereign-core/blob/68a0396bd26d88301d59c9fec20bfe7494ea75e8/.clinerules,revise,anthropic/claude-opus-4-8,134,134,- **Validate early:** Test assumptions and designs with working code as quickly as possible,PREFERENCE,,"It advises validating early, a soft how-to.",2026-06-15 15:06:35.800200
Wenyu,rule,https://github.com/adamglang/sovereign-core/blob/68a0396bd26d88301d59c9fec20bfe7494ea75e8/.clinerules,hand,Wenyu,135,136,"- **Stay modular:** Design components, functions, and abstractions so they can be replaced or refactored without cascading changes",PREFERENCE,,,2026-06-09 20:21:58.272500
Wenyu,rule,https://github.com/adamglang/sovereign-core/blob/68a0396bd26d88301d59c9fec20bfe7494ea75e8/.clinerules,revise,anthropic/claude-opus-4-8,135,135,"- **Stay modular:** Design components, functions, and abstractions so they can be replaced or refactored without cascading changes",PREFERENCE,,"It advises staying modular, a soft how-to.",2026-06-15 15:06:35.800200
Wenyu,rule,https://github.com/adamglang/sovereign-core/blob/68a0396bd26d88301d59c9fec20bfe7494ea75e8/.clinerules,hand,Wenyu,136,137,"- **Avoid tight coupling:** Don't hardcode dependencies on specific libraries, external services, or implementation details",PREFERENCE,,,2026-06-09 20:22:16.080745
Wenyu,rule,https://github.com/adamglang/sovereign-core/blob/68a0396bd26d88301d59c9fec20bfe7494ea75e8/.clinerules,revise,anthropic/claude-opus-4-8,136,136,"- **Avoid tight coupling:** Don't hardcode dependencies on specific libraries, external services, or implementation details",PREFERENCE,,"It advises avoiding tight coupling, a soft how-to.",2026-06-15 15:06:35.800200
Wenyu,rule,https://github.com/adamglang/sovereign-core/blob/68a0396bd26d88301d59c9fec20bfe7494ea75e8/.clinerules,hand,Wenyu,137,138,"- Use abstraction layers (interfaces, adapters) for external dependencies",PREFERENCE,,,2026-06-09 20:23:10.188234
Wenyu,rule,https://github.com/adamglang/sovereign-core/blob/68a0396bd26d88301d59c9fec20bfe7494ea75e8/.clinerules,revise,anthropic/claude-opus-4-8,137,137,"- Use abstraction layers (interfaces, adapters) for external dependencies",PREFERENCE,,"It advises using abstraction layers, a soft how-to.",2026-06-15 15:06:35.800200
Wenyu,rule,https://github.com/adamglang/sovereign-core/blob/68a0396bd26d88301d59c9fec20bfe7494ea75e8/.clinerules,hand,Wenyu,138,139,- Prefer dependency injection over direct imports of concrete implementations,PREFERENCE,,,2026-06-09 20:23:13.661674
Wenyu,rule,https://github.com/adamglang/sovereign-core/blob/68a0396bd26d88301d59c9fec20bfe7494ea75e8/.clinerules,revise,anthropic/claude-opus-4-8,138,138,- Prefer dependency injection over direct imports of concrete implementations,PREFERENCE,,"It uses 'prefer', a soft preference.",2026-06-15 15:06:35.800200
Wenyu,rule,https://github.com/adamglang/sovereign-core/blob/68a0396bd26d88301d59c9fec20bfe7494ea75e8/.clinerules,hand,Wenyu,139,140,- Keep business logic separate from framework/library-specific code,PREFERENCE,,,2026-06-09 20:23:17.942875
Wenyu,rule,https://github.com/adamglang/sovereign-core/blob/68a0396bd26d88301d59c9fec20bfe7494ea75e8/.clinerules,revise,anthropic/claude-opus-4-8,139,139,- Keep business logic separate from framework/library-specific code,PREFERENCE,,"It advises separating logic, a soft how-to.",2026-06-15 15:06:35.800200
Wenyu,rule,https://github.com/adamglang/sovereign-core/blob/68a0396bd26d88301d59c9fec20bfe7494ea75e8/.clinerules,hand,Wenyu,140,141,"- **Question assumptions:** Before committing to a particular approach, ask: ""What would we do if this assumption proves wrong?""",PRESCRIPTION,needs specific trigger,,2026-06-09 20:23:34.408640
Wenyu,rule,https://github.com/adamglang/sovereign-core/blob/68a0396bd26d88301d59c9fec20bfe7494ea75e8/.clinerules,revise,anthropic/claude-opus-4-8,140,140,"- **Question assumptions:** Before committing to a particular approach, ask: ""What would we do if this assumption proves wrong?""",PRESCRIPTION,,"It directs asking the question before committing, a required step.",2026-06-15 15:06:35.800200
Wenyu,rule,https://github.com/adamglang/sovereign-core/blob/68a0396bd26d88301d59c9fec20bfe7494ea75e8/.clinerules,hand,Wenyu,141,142,- **Defer irreversible decisions:** Make decisions as late as possible when you have maximum information,PREFERENCE,"Vague, and need to reach ""maximum"" info for decision making, which could be forever",,2026-06-09 20:23:56.910304
Wenyu,rule,https://github.com/adamglang/sovereign-core/blob/68a0396bd26d88301d59c9fec20bfe7494ea75e8/.clinerules,revise,anthropic/claude-opus-4-8,141,141,- **Defer irreversible decisions:** Make decisions as late as possible when you have maximum information,PREFERENCE,,"It advises deferring decisions, a soft how-to.",2026-06-15 15:06:35.800200
Wenyu,rule,https://github.com/adamglang/sovereign-core/blob/68a0396bd26d88301d59c9fec20bfe7494ea75e8/.clinerules,hand,Wenyu,142,142,"**Plan one or two steps ahead, not ten:**",PREFERENCE,,,2026-06-09 20:25:28.478394
Wenyu,rule,https://github.com/adamglang/sovereign-core/blob/68a0396bd26d88301d59c9fec20bfe7494ea75e8/.clinerules,hand,Wenyu,142,142,"Focus on the immediate task and the next logical step, not distant future scenarios",PRESCRIPTION,,,2026-06-09 20:25:39.001599
Wenyu,rule,https://github.com/adamglang/sovereign-core/blob/68a0396bd26d88301d59c9fec20bfe7494ea75e8/.clinerules,revise,anthropic/claude-opus-4-8,142,142,"Focus on the immediate task and the next logical step, not distant future scenarios",PRESCRIPTION,,"It directs focusing on the immediate task, a required behavior.",2026-06-15 15:06:35.800200
Wenyu,rule,https://github.com/adamglang/sovereign-core/blob/68a0396bd26d88301d59c9fec20bfe7494ea75e8/.clinerules,revise,anthropic/claude-opus-4-8,142,142,"**Plan one or two steps ahead, not ten:**",PREFERENCE,,"It advises planning only a couple steps ahead, a soft preference.",2026-06-15 15:06:35.800200
Wenyu,rule,https://github.com/adamglang/sovereign-core/blob/68a0396bd26d88301d59c9fec20bfe7494ea75e8/.clinerules,hand,Wenyu,144,149,"**Red flags that indicate over-planning:**
- Designing abstractions for ""future extensibility"" that aren't needed now
- Building configuration systems before you know what needs to be configured
- Creating complex class hierarchies or inheritance structures
- Implementing features ""because we'll need them eventually""
- Choosing architectures based on hypothetical scale rather than current needs",,this is not a rule but useful context? perhaps add context aside from rule?,,2026-06-09 20:28:42.476354
Wenyu,rule,https://github.com/adamglang/sovereign-core/blob/68a0396bd26d88301d59c9fec20bfe7494ea75e8/.clinerules,revise,anthropic/claude-opus-4-8,144,149,"**Red flags that indicate over-planning:**
- Designing abstractions for ""future extensibility"" that aren't needed now
- Building configuration systems before you know what needs to be configured
- Creating complex class hierarchies or inheritance structures
- Implementing features ""because we'll need them eventually""
- Choosing architectures based on hypothetical scale rather than current needs",,,Kept as the human labeled it.,2026-06-15 15:06:35.800200
Wenyu,rule,https://github.com/adamglang/sovereign-core/blob/68a0396bd26d88301d59c9fec20bfe7494ea75e8/.clinerules,hand,Wenyu,151,155,"**When you catch yourself over-planning:**
1. **STOP** implementation
2. **SIMPLIFY** to the minimum that solves the current requirement
3. **DOCUMENT** assumptions in a comment (≥8 necessity) or ADR if significant
4. **BUILD** what's needed now, knowing you can refactor later",PRESCRIPTION,a list of conditional actions,,2026-06-09 20:27:24.741753
Wenyu,rule,https://github.com/adamglang/sovereign-core/blob/68a0396bd26d88301d59c9fec20bfe7494ea75e8/.clinerules,revise,anthropic/claude-opus-4-8,151,155,"**When you catch yourself over-planning:**
1. **STOP** implementation
2. **SIMPLIFY** to the minimum that solves the current requirement
3. **DOCUMENT** assumptions in a comment (≥8 necessity) or ADR if significant
4. **BUILD** what's needed now, knowing you can refactor later",PRESCRIPTION,,"It mandates a stop-simplify-document-build sequence, a required process.",2026-06-15 15:06:35.800200
Wenyu,rule,https://github.com/adamglang/sovereign-core/blob/68a0396bd26d88301d59c9fec20bfe7494ea75e8/.clinerules,hand,Wenyu,163,164,"**Exception:** If a decision is truly irreversible (database choice, foundational architecture), invest appropriate planning time. But these are rarer than they seem.",PRESCRIPTION,"vague for ""irreversible decision"" and ""appropriate planning time""",,2026-06-09 21:04:23.423046
Wenyu,rule,https://github.com/adamglang/sovereign-core/blob/68a0396bd26d88301d59c9fec20bfe7494ea75e8/.clinerules,revise,anthropic/claude-opus-4-8,163,163,"**Exception:** If a decision is truly irreversible (database choice, foundational architecture), invest appropriate planning time. But these are rarer than they seem.",PRESCRIPTION,,"It directs investing planning time for irreversible decisions, a required behavior.",2026-06-15 15:06:35.800200
Wenyu,rule,https://github.com/adamglang/sovereign-core/blob/68a0396bd26d88301d59c9fec20bfe7494ea75e8/.clinerules,hand,Wenyu,166,166,"**Primitive values that control UX or system behavior should live in a centralized configuration layer, not scattered as magic numbers throughout the codebase.**",PREFERENCE,,,2026-06-09 21:05:13.407731
Wenyu,context,https://github.com/adamglang/sovereign-core/blob/68a0396bd26d88301d59c9fec20bfe7494ea75e8/.clinerules,revise,anthropic/claude-opus-4-8,166,166,This enables future UI-driven configuration and easier tuning without hunting through code.,,,"It explains the benefit of centralized config, just background reasoning.",2026-06-15 15:06:35.800200
Wenyu,rule,https://github.com/adamglang/sovereign-core/blob/68a0396bd26d88301d59c9fec20bfe7494ea75e8/.clinerules,revise,anthropic/claude-opus-4-8,166,166,"**Primitive values that control UX or system behavior should live in a centralized configuration layer, not scattered as magic numbers throughout the codebase.**",PREFERENCE,,"It uses 'should', a soft preference for centralizing config.",2026-06-15 15:06:35.800200
Wenyu,rule,https://github.com/adamglang/sovereign-core/blob/68a0396bd26d88301d59c9fec20bfe7494ea75e8/.clinerules,hand,Wenyu,168,168,"Make meaningful behavioral dials discoverable and changeable from a single source of truth, but do so incrementally—only for values we're actually using or clearly will use soon.",PREFERENCE,,,2026-06-09 21:05:36.441402
Wenyu,rule,https://github.com/adamglang/sovereign-core/blob/68a0396bd26d88301d59c9fec20bfe7494ea75e8/.clinerules,revise,anthropic/claude-opus-4-8,168,168,"Make meaningful behavioral dials discoverable and changeable from a single source of truth, but do so incrementally—only for values we're actually using or clearly will use soon.",PREFERENCE,,"It guides how to centralize dials incrementally, a soft preference.",2026-06-15 15:06:35.800200
Wenyu,rule,https://github.com/adamglang/sovereign-core/blob/68a0396bd26d88301d59c9fec20bfe7494ea75e8/.clinerules,hand,Wenyu,170,170,"If there's any tension between this rule and the Evolving Architecture Mandate (Rule 6), **Rule 6 wins",,Rule hierachy,,2026-06-09 21:05:53.928023
Wenyu,rule,https://github.com/adamglang/sovereign-core/blob/68a0396bd26d88301d59c9fec20bfe7494ea75e8/.clinerules,hand,Wenyu,170,170,Do not build elaborate configuration systems prematurely,PROHIBITION,,,2026-06-09 21:06:11.993726
Wenyu,rule,https://github.com/adamglang/sovereign-core/blob/68a0396bd26d88301d59c9fec20bfe7494ea75e8/.clinerules,revise,anthropic/claude-opus-4-8,170,170,Do not build elaborate configuration systems prematurely,PROHIBITION,,It forbids building elaborate config systems prematurely.,2026-06-15 15:06:35.800200
Wenyu,rule,https://github.com/adamglang/sovereign-core/blob/68a0396bd26d88301d59c9fec20bfe7494ea75e8/.clinerules,revise,anthropic/claude-opus-4-8,170,170,"If there's any tension between this rule and the Evolving Architecture Mandate (Rule 6), **Rule 6 wins",,,Kept as the human labeled it.,2026-06-15 15:06:35.800200
Wenyu,rule,https://github.com/adamglang/sovereign-core/blob/68a0396bd26d88301d59c9fec20bfe7494ea75e8/.clinerules,hand,Wenyu,172,182,"**What qualifies as a configurable primitive:**
- **UX parameters:** Token limits, response timeouts, retry attempts, debounce delays, animation durations
- **System behavior:** Logging levels, verbosity settings, polling intervals, cache TTLs, batch sizes
- **AI/ML settings:** Model names, temperature, max tokens, voice types, wake word sensitivity
- **Thresholds:** Confidence scores, rate limits, queue depths, memory thresholds

**What does NOT qualify:**
- Mathematical constants (π, conversion factors)
- Protocol-defined values (HTTP status codes, standard ports)
- Arbitrary implementation details that don't affect observable behavior
- Values that appear once and have no foreseeable reason to change",,Context for the following set of rules,,2026-06-09 21:06:53.774216
Wenyu,rule,https://github.com/adamglang/sovereign-core/blob/68a0396bd26d88301d59c9fec20bfe7494ea75e8/.clinerules,revise,anthropic/claude-opus-4-8,172,182,"**What qualifies as a configurable primitive:**
- **UX parameters:** Token limits, response timeouts, retry attempts, debounce delays, animation durations
- **System behavior:** Logging levels, verbosity settings, polling intervals, cache TTLs, batch sizes
- **AI/ML settings:** Model names, temperature, max tokens, voice types, wake word sensitivity
- **Thresholds:** Confidence scores, rate limits, queue depths, memory thresholds

**What does NOT qualify:**
- Mathematical constants (π, conversion factors)
- Protocol-defined values (HTTP status codes, standard ports)
- Arbitrary implementation details that don't affect observable behavior
- Values that appear once and have no foreseeable reason to change",,,Kept as the human labeled it.,2026-06-15 15:06:35.800200
Wenyu,rule,https://github.com/adamglang/sovereign-core/blob/68a0396bd26d88301d59c9fec20bfe7494ea75e8/.clinerules,hand,Wenyu,185,185,Move a primitive to config only when you're actively working with it or it clearly affects user-facing behavior,PRESCRIPTION,,,2026-06-09 21:06:44.774048
Wenyu,rule,https://github.com/adamglang/sovereign-core/blob/68a0396bd26d88301d59c9fec20bfe7494ea75e8/.clinerules,hand,Wenyu,185,185,Centralize incrementally,PREFERENCE,,,2026-06-09 21:07:55.373073
Wenyu,rule,https://github.com/adamglang/sovereign-core/blob/68a0396bd26d88301d59c9fec20bfe7494ea75e8/.clinerules,revise,anthropic/claude-opus-4-8,185,185,Centralize incrementally,PREFERENCE,,"It advises incremental centralization, a soft preference.",2026-06-15 15:06:35.800200
Wenyu,rule,https://github.com/adamglang/sovereign-core/blob/68a0396bd26d88301d59c9fec20bfe7494ea75e8/.clinerules,revise,anthropic/claude-opus-4-8,185,185,Move a primitive to config only when you're actively working with it or it clearly affects user-facing behavior,PRESCRIPTION,,"It mandates the condition for moving primitives to config, a required action.",2026-06-15 15:06:35.800200
Wenyu,rule,https://github.com/adamglang/sovereign-core/blob/68a0396bd26d88301d59c9fec20bfe7494ea75e8/.clinerules,hand,Wenyu,186,186,Use existing config patterns,PREFERENCE,,,2026-06-09 21:08:05.339781
Wenyu,rule,https://github.com/adamglang/sovereign-core/blob/68a0396bd26d88301d59c9fec20bfe7494ea75e8/.clinerules,hand,Wenyu,186,186,"Scan for [`config.py`](sovereign_core/config.py), [`config.yaml`](config.yaml), environment variables, or settings modules already in the repo. Align with what exists.",PRESCRIPTION,,,2026-06-09 21:08:13.572767
Wenyu,rule,https://github.com/adamglang/sovereign-core/blob/68a0396bd26d88301d59c9fec20bfe7494ea75e8/.clinerules,revise,anthropic/claude-opus-4-8,186,186,Use existing config patterns,PREFERENCE,,"It advises using existing patterns, a soft preference.",2026-06-15 15:06:35.800200
Wenyu,rule,https://github.com/adamglang/sovereign-core/blob/68a0396bd26d88301d59c9fec20bfe7494ea75e8/.clinerules,revise,anthropic/claude-opus-4-8,186,186,"Scan for [`config.py`](sovereign_core/config.py), [`config.yaml`](config.yaml), environment variables, or settings modules already in the repo. Align with what exists.",PRESCRIPTION,,"It directs scanning and aligning with existing config, a required action.",2026-06-15 15:06:35.800200
Wenyu,rule,https://github.com/adamglang/sovereign-core/blob/68a0396bd26d88301d59c9fec20bfe7494ea75e8/.clinerules,hand,Wenyu,187,187,Name descriptively,PREFERENCE,,,2026-06-09 21:08:21.189016
Wenyu,rule,https://github.com/adamglang/sovereign-core/blob/68a0396bd26d88301d59c9fec20bfe7494ea75e8/.clinerules,hand,Wenyu,187,187,"Config keys should be self-documenting (e.g., `max_retry_attempts`, `llm_response_timeout_seconds`, `voice_type`)",PRESCRIPTION,,,2026-06-09 21:08:35.225937
Wenyu,rule,https://github.com/adamglang/sovereign-core/blob/68a0396bd26d88301d59c9fec20bfe7494ea75e8/.clinerules,revise,anthropic/claude-opus-4-8,187,187,"Config keys should be self-documenting (e.g., `max_retry_attempts`, `llm_response_timeout_seconds`, `voice_type`)",PRESCRIPTION,,"It requires config keys to be self-documenting, a directive.",2026-06-15 15:06:35.800200
Wenyu,rule,https://github.com/adamglang/sovereign-core/blob/68a0396bd26d88301d59c9fec20bfe7494ea75e8/.clinerules,revise,anthropic/claude-opus-4-8,187,187,Name descriptively,PREFERENCE,,"It advises descriptive naming, a soft preference.",2026-06-15 15:06:35.800200
Wenyu,rule,https://github.com/adamglang/sovereign-core/blob/68a0396bd26d88301d59c9fec20bfe7494ea75e8/.clinerules,hand,Wenyu,188,188,Provide defaults:** Always include sensible defaults so the system works out-of-the-box,PRESCRIPTION,,,2026-06-09 21:08:48.579929
Wenyu,rule,https://github.com/adamglang/sovereign-core/blob/68a0396bd26d88301d59c9fec20bfe7494ea75e8/.clinerules,revise,anthropic/claude-opus-4-8,188,188,Provide defaults:** Always include sensible defaults so the system works out-of-the-box,PRESCRIPTION,,"It says always include defaults, a required action.",2026-06-15 15:06:35.800200
Wenyu,rule,https://github.com/adamglang/sovereign-core/blob/68a0396bd26d88301d59c9fec20bfe7494ea75e8/.clinerules,hand,Wenyu,189,189,Don't create duplicates:,PROHIBITION,,,2026-06-09 21:08:53.221205
Wenyu,rule,https://github.com/adamglang/sovereign-core/blob/68a0396bd26d88301d59c9fec20bfe7494ea75e8/.clinerules,hand,Wenyu,189,189,"If a value is already configurable somewhere, use that mechanism.",PRESCRIPTION,,,2026-06-09 21:09:02.995404
Wenyu,rule,https://github.com/adamglang/sovereign-core/blob/68a0396bd26d88301d59c9fec20bfe7494ea75e8/.clinerules,hand,Wenyu,189,189,Don't create parallel config sources.,PROHIBITION,,,2026-06-09 21:09:07.918711
Wenyu,rule,https://github.com/adamglang/sovereign-core/blob/68a0396bd26d88301d59c9fec20bfe7494ea75e8/.clinerules,revise,anthropic/claude-opus-4-8,189,189,Don't create parallel config sources.,PROHIBITION,,It forbids creating parallel config sources.,2026-06-15 15:06:35.800200
Wenyu,rule,https://github.com/adamglang/sovereign-core/blob/68a0396bd26d88301d59c9fec20bfe7494ea75e8/.clinerules,revise,anthropic/claude-opus-4-8,189,189,Don't create duplicates:,PROHIBITION,,It forbids creating duplicates.,2026-06-15 15:06:35.800200
Wenyu,rule,https://github.com/adamglang/sovereign-core/blob/68a0396bd26d88301d59c9fec20bfe7494ea75e8/.clinerules,revise,anthropic/claude-opus-4-8,189,189,"If a value is already configurable somewhere, use that mechanism.",PRESCRIPTION,,"It directs using the existing mechanism, a required action.",2026-06-15 15:06:35.800200
Wenyu,rule,https://github.com/adamglang/sovereign-core/blob/68a0396bd26d88301d59c9fec20bfe7494ea75e8/.clinerules,hand,Wenyu,197,201,"**When you catch yourself over-configuring:**
1. **ASK:** ""Is this value actually a behavioral dial users/operators will want to adjust?""
2. **CHECK:** ""Are we using this now, or will we clearly need to tune it in the next 1-2 steps?""
3. **If NO to both:** Leave it as a well-named constant in the module where it's used
4. **If YES:** Add it to the existing config layer with a descriptive name and default",PRESCRIPTION,,,2026-06-09 21:27:37.151948
Wenyu,rule,https://github.com/adamglang/sovereign-core/blob/68a0396bd26d88301d59c9fec20bfe7494ea75e8/.clinerules,revise,anthropic/claude-opus-4-8,197,201,"**When you catch yourself over-configuring:**
1. **ASK:** ""Is this value actually a behavioral dial users/operators will want to adjust?""
2. **CHECK:** ""Are we using this now, or will we clearly need to tune it in the next 1-2 steps?""
3. **If NO to both:** Leave it as a well-named constant in the module where it's used
4. **If YES:** Add it to the existing config layer with a descriptive name and default",PRESCRIPTION,,"It mandates an ask-check-decide procedure, a required process.",2026-06-15 15:06:35.800200
Wenyu,rule,https://github.com/adamglang/sovereign-core/blob/68a0396bd26d88301d59c9fec20bfe7494ea75e8/.clinerules,hand,Wenyu,210,211,"- Before hard-coding a primitive that affects UX/behavior, ask: ""Should this be configurable?""",PRESCRIPTION,,,2026-06-09 21:27:45.354262
Wenyu,rule,https://github.com/adamglang/sovereign-core/blob/68a0396bd26d88301d59c9fec20bfe7494ea75e8/.clinerules,revise,anthropic/claude-opus-4-8,210,210,"- Before hard-coding a primitive that affects UX/behavior, ask: ""Should this be configurable?""",PRESCRIPTION,,"It directs asking before hard-coding, a required check.",2026-06-15 15:06:35.800200
Wenyu,rule,https://github.com/adamglang/sovereign-core/blob/68a0396bd26d88301d59c9fec20bfe7494ea75e8/.clinerules,hand,Wenyu,211,212,"- Before adding to config, ask: ""Do we actually need to change this, or am I over-architecting?""",PRESCRIPTION,,,2026-06-09 21:27:48.927244
Wenyu,rule,https://github.com/adamglang/sovereign-core/blob/68a0396bd26d88301d59c9fec20bfe7494ea75e8/.clinerules,revise,anthropic/claude-opus-4-8,211,211,"- Before adding to config, ask: ""Do we actually need to change this, or am I over-architecting?""",PRESCRIPTION,,"It directs asking before adding config, a required check.",2026-06-15 15:06:35.800200
Wenyu,rule,https://github.com/adamglang/sovereign-core/blob/68a0396bd26d88301d59c9fec20bfe7494ea75e8/.clinerules,hand,Wenyu,212,213,"- When refactoring, consolidate scattered magic numbers into config if they meet the criteria above",PRESCRIPTION,,,2026-06-09 21:27:52.165457
Wenyu,rule,https://github.com/adamglang/sovereign-core/blob/68a0396bd26d88301d59c9fec20bfe7494ea75e8/.clinerules,revise,anthropic/claude-opus-4-8,212,212,"- When refactoring, consolidate scattered magic numbers into config if they meet the criteria above",PRESCRIPTION,,"It directs consolidating magic numbers during refactor, a required action.",2026-06-15 15:06:35.800200
Wenyu,rule,https://github.com/adamglang/sovereign-core/blob/68a0396bd26d88301d59c9fec20bfe7494ea75e8/.clinerules,hand,Wenyu,215,215,**Configuration values must have exactly ONE default definition.**,PRESCRIPTION,,,2026-06-09 21:28:05.806772
Wenyu,rule,https://github.com/adamglang/sovereign-core/blob/68a0396bd26d88301d59c9fec20bfe7494ea75e8/.clinerules,hand,Wenyu,215,215,"Never duplicate defaults across config models, factories, or provider constructors.",PROHIBITION,,,2026-06-09 21:28:10.140089
Wenyu,rule,https://github.com/adamglang/sovereign-core/blob/68a0396bd26d88301d59c9fec20bfe7494ea75e8/.clinerules,revise,anthropic/claude-opus-4-8,215,215,"Never duplicate defaults across config models, factories, or provider constructors.",PROHIBITION,,"It forbids duplicating defaults, a prohibition.",2026-06-15 15:06:35.800200
Wenyu,rule,https://github.com/adamglang/sovereign-core/blob/68a0396bd26d88301d59c9fec20bfe7494ea75e8/.clinerules,revise,anthropic/claude-opus-4-8,215,215,**Configuration values must have exactly ONE default definition.**,PRESCRIPTION,,"It mandates a single default definition, a must.",2026-06-15 15:06:35.800200
Wenyu,rule,https://github.com/adamglang/sovereign-core/blob/68a0396bd26d88301d59c9fec20bfe7494ea75e8/.clinerules,hand,Wenyu,217,220,"**Correct pattern:**
- ✅ Pydantic `Field(default=value)` in config.py - single source of truth
- ✅ Factories use `config[""key""]` - direct access, no fallbacks
- ✅ Provider constructors require config params - no defaults for user-facing settings",PREFERENCE,,,2026-06-09 21:28:19.586076
Wenyu,rule,https://github.com/adamglang/sovereign-core/blob/68a0396bd26d88301d59c9fec20bfe7494ea75e8/.clinerules,revise,anthropic/claude-opus-4-8,217,220,"**Correct pattern:**
- ✅ Pydantic `Field(default=value)` in config.py - single source of truth
- ✅ Factories use `config[""key""]` - direct access, no fallbacks
- ✅ Provider constructors require config params - no defaults for user-facing settings",PREFERENCE,,"It shows the preferred correct pattern, a how-to guide.",2026-06-15 15:06:35.800200
Wenyu,rule,https://github.com/adamglang/sovereign-core/blob/68a0396bd26d88301d59c9fec20bfe7494ea75e8/.clinerules,hand,Wenyu,222,225,"**Violations to avoid:**
- ❌ `config.get(""model"", ""gpt-4o-mini"")` in factory when LLMConfig already has this default
- ❌ `def __init__(self, temperature: float = 0.7)` in provider when config defines it
- ❌ Any duplicate default value in multiple locations",PREFERENCE,,,2026-06-09 21:28:24.158280
Wenyu,rule,https://github.com/adamglang/sovereign-core/blob/68a0396bd26d88301d59c9fec20bfe7494ea75e8/.clinerules,revise,anthropic/claude-opus-4-8,222,225,"**Violations to avoid:**
- ❌ `config.get(""model"", ""gpt-4o-mini"")` in factory when LLMConfig already has this default
- ❌ `def __init__(self, temperature: float = 0.7)` in provider when config defines it
- ❌ Any duplicate default value in multiple locations",PREFERENCE,,"It lists anti-patterns to avoid, a how-to guidance.",2026-06-15 15:06:35.800200
Wenyu,rule,https://github.com/adamglang/sovereign-core/blob/68a0396bd26d88301d59c9fec20bfe7494ea75e8/.clinerules,hand,Wenyu,227,227,"Internal implementation details (retry counts, backoff delays) not exposed in config.yaml can have provider-level defaults",PERMISSION,,,2026-06-09 21:28:31.978957
Wenyu,rule,https://github.com/adamglang/sovereign-core/blob/68a0396bd26d88301d59c9fec20bfe7494ea75e8/.clinerules,revise,anthropic/claude-opus-4-8,227,227,"Internal implementation details (retry counts, backoff delays) not exposed in config.yaml can have provider-level defaults",PERMISSION,,"It permits provider-level defaults for internal details, a permission.",2026-06-15 15:06:35.800200
Wenyu,rule,https://github.com/adamglang/sovereign-core/blob/68a0396bd26d88301d59c9fec20bfe7494ea75e8/.clinerules,hand,Wenyu,230,230,"If a proposed change creates a duplicate or conflicting pattern, stop and propose consolidation or a refactor plan instead.",PRESCRIPTION,,,2026-06-09 21:28:39.774447
Wenyu,rule,https://github.com/adamglang/sovereign-core/blob/68a0396bd26d88301d59c9fec20bfe7494ea75e8/.clinerules,revise,anthropic/claude-opus-4-8,230,230,"If a proposed change creates a duplicate or conflicting pattern, stop and propose consolidation or a refactor plan instead.",PRESCRIPTION,,"It mandates stopping and proposing consolidation, a required action.",2026-06-15 15:06:35.800200
Wenyu,rule,https://github.com/adamglang/sovereign-core/blob/68a0396bd26d88301d59c9fec20bfe7494ea75e8/.clinerules,hand,Wenyu,232,233,"**If complexity is increasing without clear necessity, stop and simplify.**",PRESCRIPTION,,,2026-06-09 21:28:44.882461
Wenyu,rule,https://github.com/adamglang/sovereign-core/blob/68a0396bd26d88301d59c9fec20bfe7494ea75e8/.clinerules,revise,anthropic/claude-opus-4-8,232,232,"**If complexity is increasing without clear necessity, stop and simplify.**",PRESCRIPTION,,"It mandates stopping and simplifying, a required action.",2026-06-15 15:06:35.800200
Wenyu,rule,https://github.com/adamglang/sovereign-core/blob/68a0396bd26d88301d59c9fec20bfe7494ea75e8/.clinerules,hand,Wenyu,234,235,"**If you're considering backward compatibility, STOP and ask for approval first.**",PRESCRIPTION,,,2026-06-09 21:28:48.817663
Wenyu,rule,https://github.com/adamglang/sovereign-core/blob/68a0396bd26d88301d59c9fec20bfe7494ea75e8/.clinerules,revise,anthropic/claude-opus-4-8,234,234,"**If you're considering backward compatibility, STOP and ask for approval first.**",PRESCRIPTION,,"It mandates stopping and asking for approval, a required action.",2026-06-15 15:06:35.800200
Wenyu,rule,https://github.com/adamglang/sovereign-core/blob/68a0396bd26d88301d59c9fec20bfe7494ea75e8/.clinerules,hand,Wenyu,236,237,"**If you're planning more than 1-2 steps ahead or building for hypothetical future needs, STOP and simplify to current requirements.**",PRESCRIPTION,,,2026-06-09 21:28:52.457300
Wenyu,rule,https://github.com/adamglang/sovereign-core/blob/68a0396bd26d88301d59c9fec20bfe7494ea75e8/.clinerules,revise,anthropic/claude-opus-4-8,236,236,"**If you're planning more than 1-2 steps ahead or building for hypothetical future needs, STOP and simplify to current requirements.**",PRESCRIPTION,,"It mandates stopping and simplifying when over-planning, a required action.",2026-06-15 15:06:35.800200
Wenyu,rule,https://github.com/adamglang/sovereign-core/blob/68a0396bd26d88301d59c9fec20bfe7494ea75e8/.clinerules,hand,Wenyu,238,238,keep repo clean,PREFERENCE,,,2026-06-09 21:29:02.986183
Wenyu,rule,https://github.com/adamglang/sovereign-core/blob/68a0396bd26d88301d59c9fec20bfe7494ea75e8/.clinerules,revise,anthropic/claude-opus-4-8,238,238,keep repo clean,PREFERENCE,,"It advises keeping the repo clean, a soft preference.",2026-06-15 15:06:35.800200
Wenyu,rule,https://github.com/adamglang/sovereign-core/blob/68a0396bd26d88301d59c9fec20bfe7494ea75e8/.clinerules,hand,Wenyu,239,239,"**Ad-hoc debug scripts, reproduction tests, or diagnostic files created during debugging must go in `tests/_temp_/` for easy cleanup.*",PRESCRIPTION,,,2026-06-09 21:29:12.981751
Wenyu,rule,https://github.com/adamglang/sovereign-core/blob/68a0396bd26d88301d59c9fec20bfe7494ea75e8/.clinerules,revise,anthropic/claude-opus-4-8,239,239,"**Ad-hoc debug scripts, reproduction tests, or diagnostic files created during debugging must go in `tests/_temp_/` for easy cleanup.*",PRESCRIPTION,,"It says such files must go in a specific dir, a must.",2026-06-15 15:06:35.800200
Wenyu,rule,https://github.com/adamglang/sovereign-core/blob/68a0396bd26d88301d59c9fec20bfe7494ea75e8/.clinerules,hand,Wenyu,242,243,- Place in `tests/_temp_/` directory,PRESCRIPTION,,,2026-06-09 21:29:18.338842
Wenyu,rule,https://github.com/adamglang/sovereign-core/blob/68a0396bd26d88301d59c9fec20bfe7494ea75e8/.clinerules,revise,anthropic/claude-opus-4-8,242,242,- Place in `tests/_temp_/` directory,PRESCRIPTION,,"It directs placing files in the temp dir, a required action.",2026-06-15 15:06:35.800200
Wenyu,rule,https://github.com/adamglang/sovereign-core/blob/68a0396bd26d88301d59c9fec20bfe7494ea75e8/.clinerules,hand,Wenyu,243,244,"- Use descriptive names (e.g., `debug_tts_state.py`, `repro_audio_hang.py`)",PRESCRIPTION,,,2026-06-09 21:29:21.132111
Wenyu,rule,https://github.com/adamglang/sovereign-core/blob/68a0396bd26d88301d59c9fec20bfe7494ea75e8/.clinerules,revise,anthropic/claude-opus-4-8,243,243,"- Use descriptive names (e.g., `debug_tts_state.py`, `repro_audio_hang.py`)",PRESCRIPTION,,"It directs using descriptive names, a required action.",2026-06-15 15:06:35.800200
Wenyu,rule,https://github.com/adamglang/sovereign-core/blob/68a0396bd26d88301d59c9fec20bfe7494ea75e8/.clinerules,hand,Wenyu,244,245,- Clean up after investigation completes,PRESCRIPTION,,,2026-06-09 21:29:23.850485
Wenyu,rule,https://github.com/adamglang/sovereign-core/blob/68a0396bd26d88301d59c9fec20bfe7494ea75e8/.clinerules,revise,anthropic/claude-opus-4-8,244,244,- Clean up after investigation completes,PRESCRIPTION,,"It directs cleaning up after investigation, a required action.",2026-06-15 15:06:35.800200
Wenyu,rule,https://github.com/adamglang/sovereign-core/blob/68a0396bd26d88301d59c9fec20bfe7494ea75e8/.clinerules,hand,Wenyu,246,246,"**Enforcement:** Before completing a debug task, verify all temporary files are deleted or in `tests/_temp_/`.",PRESCRIPTION,,,2026-06-09 21:29:34.883223
Wenyu,rule,https://github.com/adamglang/sovereign-core/blob/68a0396bd26d88301d59c9fec20bfe7494ea75e8/.clinerules,revise,anthropic/claude-opus-4-8,246,246,"**Enforcement:** Before completing a debug task, verify all temporary files are deleted or in `tests/_temp_/`.",PRESCRIPTION,,"It mandates verifying temp files before completing, a required check.",2026-06-15 15:06:35.800200
